{
    "Hebergement": {
        "0": [
            78.0,
            1922.423076923077,
            943.881699598611,
            573.0,
            1220.75,
            1785.5,
            2559.5,
            3992.0
        ]
    },
    "organisations": {
        "0": [
            14.0,
            1406.857142857143,
            670.1061749560929,
            413.0,
            956.5,
            1346.5,
            1776.5,
            2804.0
        ]
    },
    "oTourism": {
        "0": [
            14.0,
            1548.7142857142858,
            784.3263085232818,
            601.0,
            1036.75,
            1290.5,
            1961.25,
            3011.0
        ]
    },
    "Gouv": {
        "0": [
            5.0,
            1017.2,
            418.61820313980616,
            418.0,
            954.0,
            954.0,
            1192.0,
            1568.0
        ]
    },
    "locations": {
        "0": [
            25.0,
            1994.68,
            797.5911504858447,
            731.0,
            1274.0,
            2006.0,
            2597.0,
            3336.0
        ]
    },
    "mairies": {
        "0": [
            5.0,
            699.8,
            445.7069665149963,
            190.0,
            353.0,
            667.0,
            1050.0,
            1239.0
        ]
    },
    "restauration": {
        "0": [
            25.0,
            1183.0,
            586.0214017707317,
            376.0,
            694.0,
            1187.0,
            1874.0,
            2188.0
        ]
    },
    "parcs": {
        "0": [
            8.0,
            1445.125,
            721.6796751824376,
            701.0,
            955.75,
            1065.0,
            2201.0,
            2491.0
        ]
    },
    "Services": {
        "0": [
            73.0,
            1743.6438356164383,
            846.2408766923776,
            533.0,
            1013.0,
            1599.0,
            2281.0,
            3934.0
        ]
    }
}